{
  "_fv": 24,
  "_type": "recipe",
  "definition": {
    "recipeType": "Crafting",
    "xpReward": 0.0,
    "cookingTime": 200,
    "recipeRetstackSize": 2,
    "group": "",
    "recipeShapeless": false,
    "recipeSlots": [
      {
        "value": ""
      },
      {
        "value": ""
      },
      {
        "value": ""
      },
      {
        "value": "CUSTOM:MangrovePlanks"
      },
      {
        "value": "CUSTOM:MangrovePlanks"
      },
      {
        "value": "CUSTOM:MangrovePlanks"
      },
      {
        "value": "CUSTOM:MangrovePlanks"
      },
      {
        "value": "CUSTOM:MangrovePlanks"
      },
      {
        "value": "CUSTOM:MangrovePlanks"
      }
    ],
    "recipeReturnStack": {
      "value": "CUSTOM:MangroveTrapdoor"
    },
    "name": "mangrove_trapdoor_recipe",
    "namespace": "mod"
  }
}