{
  "ambientocclusion": false,
  "elements": [
    {
      "from": [
        0,
        0,
        0.8
      ],
      "to": [
        16,
        16,
        0.8
      ],
      "shade": false,
      "faces": {
        "north": {
          "uv": [
            16,
            0,
            0,
            16
          ],
          "texture": "#vine"
        },
        "south": {
          "uv": [
            0,
            0,
            16,
            16
          ],
          "texture": "#vine"
        }
      }
    }
  ]
}