{
  "_fv": 24,
  "_type": "achievement",
  "definition": {
    "achievementName": "Eww, gross!",
    "achievementDescription": "Place Some Mud",
    "achievementIcon": {
      "value": "CUSTOM:MudBlob"
    },
    "background": "Default",
    "disableDisplay": false,
    "showPopup": true,
    "announceToChat": true,
    "hideIfNotCompleted": false,
    "rewardLoot": [],
    "rewardRecipes": [],
    "rewardFunction": "No function",
    "rewardXP": 0,
    "achievementType": "task",
    "parent": {
      "value": "No parent: root"
    },
    "triggerxml": "<xml xmlns=\"https://developers.google.com/blockly/xml\"><block type=\"block_placed\" x=\"90\" y=\"147\"><value name=\"block\"><block type=\"mcitem_allblocks\"><field name=\"value\">CUSTOM:Mud</field></block></value><next><block type=\"advancement_trigger\" deletable=\"false\"></block></next></block></xml>"
  }
}