{
  "display": {
    "background": "minecraft:textures/block/stone.png",
    "icon": {
      "item": "mud_mod_beta:mud_blob"
    },
    "title": {
      "translate": "advancements.mud_advancement.title"
    },
    "description": {
      "translate": "advancements.mud_advancement.descr"
    },
    "frame": "task",
    "show_toast": true,
    "announce_to_chat": true,
    "hidden": false
  },
  "criteria": {
    "mud_advancement": {
      "trigger": "minecraft:placed_block",
      "conditions": {
        "item": {
          "item": "mud_mod_beta:mud"
        }
      }
    }
  },
  "rewards": {
    "experience": 0
  }
}